,follower_count,engagement_rate,campaign_conversions,target_high_performer
follower_count,1.0,0.04617458471258178,0.009221369107269228,0.08992037046142623
engagement_rate,0.04617458471258178,1.0,0.015888300396397558,0.8599412455178906
campaign_conversions,0.009221369107269228,0.015888300396397558,1.0,0.03194654868528209
target_high_performer,0.08992037046142623,0.8599412455178906,0.03194654868528209,1.0
